{
  "similarity": 0.9118094444093152,
  "percent": 91.18094444093153,
  "diffPixels": 800557,
  "totalPixels": 9112320,
  "contentPixels": 9077582,
  "scoringPixels": 9077582,
  "diffRatio": 0.08819055559068484,
  "canvasSimilarity": 0.9121456445778902,
  "canvasDiffRatio": 0.08785435542210984,
  "comparedWidth": 1920,
  "comparedHeight": 4746,
  "pmThreshold": 0.15,
  "autoCrop": false,
  "ref": "reference/reference.png",
  "stu": "results/student.png",
  "diff": "results/pixel_diff.png"
}