{
  "similarity": 0.8066640427804592,
  "percent": 80.66640427804592,
  "diffPixels": 800198,
  "totalPixels": 9112320,
  "contentPixels": 4138899,
  "scoringPixels": 4138899,
  "diffRatio": 0.19333595721954075,
  "canvasSimilarity": 0.9121850417895772,
  "canvasDiffRatio": 0.08781495821042282,
  "comparedWidth": 1920,
  "comparedHeight": 4746,
  "pmThreshold": 0.15,
  "autoCrop": false,
  "ref": "reference/reference.png",
  "stu": "results/student.png",
  "diff": "results/pixel_diff.png"
}